{"x": 23.05908200434096, "y": -15.21174957742066, "z": 18.046052627481757, "a": 2.7711823664284423, "t": 1.1575316125304953, "r": 0.0040964629158846055}