{"x": 23.31435260118063, "y": -15.157879716879416, "z": 17.921829407072437, "a": 1.932505375237161, "t": 1.1381115568421607, "r": 0.020748890552252455}