{"NU": 2448, "NV": 2048, "c0U": 1247.079543161053, "c0V": 1052.7653665131756, "fx": 2449.114428613985, "fy": 2448.978126992333, "d1": -0.2038555848897892, "d2": 0.15136836133694392, "d3": 0, "t1": -0.0001954546605428969, "t2": 0.00010259862779546195}