{"NU": 2448, "NV": 2048, "c0U": 1235.8960353218683, "c0V": 1058.0796364292457, "fx": 2426.917386770775, "fy": 2427.13138056767, "d1": -0.20093413416607664, "d2": 0.14362770851434895, "d3": 0, "t1": 0.0004389598602843162, "t2": -0.0003580364916298912}