{"x": -0.2897889033825244, "y": 0.6605696965992026, "z": 18.086524105384633, "a": 1.6999819994673566, "t": 1.4057149798395974, "r": 0.01885788277635123}