{"NU": 2048, "NV": 1536, "c0U": 1026.9679345529498, "c0V": 796.1007044941638, "fx": 3596.5460214656464, "fy": 3596.8927452648627, "d1": -0.22058699697072665, "d2": 0.15406532664401498, "d3": 0, "t1": 0.000880133808576289, "t2": -0.0008941208984587008}