{"x": -0.576384304315956, "y": 0.6050847983699768, "z": 18.108405190198294, "a": 2.1953233330775053, "t": 1.410777330388707, "r": 0.014977192672606604}